gen;phe;anc;part;poly;Load;Parm;KeyGen;GenObj;EncGen;EncPhe;EncAnc;EncTot;LC;C_MU;C_SPU;Combine;Decode;DecTot;DecTotApprox;
7;0;0;1;4096;0.00128472;7.2618e-05;26.2521;0.00418655;0.0558738;0.0558431;0.0557259;0.167443;0.840515;0;0;0;0;0;0.11807;
7;0;0;2;4096;0.00126138;7.0926e-05;26.3051;0.00412586;0.111596;0.111185;0.11101;0.333791;1.6822;0;0;0;0;0;0.112467;
7;0;0;3;4096;0.00129965;7.2009e-05;26.3247;0.00425806;0.181238;0.258425;0.166726;0.60639;2.72552;0;0;0;0;0;0.154418;
7;0;0;4;4096;0.00192318;0.000109194;26.6216;0.00415395;0.222419;0.231858;0.221814;0.676091;3.36685;0;0;0;0;0;0.111829;
7;0;0;5;4096;0.00120598;6.5657e-05;26.2172;0.0041931;0.278556;0.279325;0.281069;0.838951;4.22114;0;0;0;0;0;0.119584;
7;0;0;6;4096;0.00125862;7.1269e-05;26.1645;0.00426475;0.339597;0.342524;0.332773;1.01489;5.02657;0;0;0;0;0;0.110846;
7;0;0;7;4096;0.00121024;7.0816e-05;26.1895;0.00411162;0.404399;0.390706;0.395152;1.19026;5.87166;0;0;0;0;0;0.11184;
